Account Head,Amount
COMMON/STATUTORY/AUDIT/FEE,57500.0
HK/GARDENING/R&M,52135.0
TECHNICAL/ELECRICITY/BESCOM,1115094.0
CULTURAL EXPENSES- BM EVENTS,49000.0
MISC,34248.0
TECHNICAL/WATER/BWSSB,314000.0
HK/CONSUMABLES,56388.18
STAFF/DRINKS,32394.0
TECHNICAL/LPG/CYLINDER CHARGES,1200000.0
STAFF/EMO/PAYROLL,1838475.0
HK/GARDENING/PEST CONTROL/CONSUMABLES,87687.0
TECHNICAL/CAM/PLUMBING/CONSUMABLES,5600.0
TECHNICAL/STP/WTP/CONSUMABLES,41064.0
COMMON/OFFICE/MACHINE/R&M,2478.0
COMMON/PROFESSIONAL CHARGES/LAWYER/LEGAL FEE,88500.0
TECHNICAL/WATER/TANKERS,878380.0
STAFF/SECURITY/PAYROLL,1482930.0
TECHNICAL/CAM/CVIL,169172.0
TECHNICAL/LPG/R&M,112100.0
TECHNICAL/STP/SLUDGE REMOVAL,40710.0
HK/GARBAGE BAG,135086.0
TECHNICAL/STP/R&M/STP MOTORS,208550.0
Civil Work Project,3612633.0
TECHNICAL/ELECTRICAL/R&M/SPARE/CAPEX,5000.0
HK/GARBAGE/AMC,380000.0
SS/SECURITY/SURVELLIANCE/CCTV/R&M,475015.0