Account Head,Amount
HK/GARDENING/R&M,5546.0
TECHNICAL/ELECRICITY/BESCOM,1002963.0
CULTURAL EXPENSES- BM EVENTS,108627.0
MISC,60000.0
COMMON/PROFESSIONAL CHARGES/LAWYER/LEGAL FEE,88500.0
TECHNICAL/WATER/BWSSB,318560.0
STAFF/SECURITY/PAYROLL,1494013.0
TECHNICAL/WATER/TANKERS,1270240.0
TECHNICAL/CAM/CVIL,455480.0
TECHNICAL/LPG/R&M,112100.0
COMMON/ASSETS/FURNITURE & FIXTURES/R&M,38409.0
TECHNICAL/STP/SLUDGE REMOVAL,42876.48
TECHNICAL/ELECTRICITY/DG/AMC,28025.0
TECHNICAL/LPG/CYLINDER CHARGES,800000.0
TECHNICAL/LIFT/R&M,9000.0
HK/GARBAGE BAG,195601.0
COMMON/OFFICE/PRINTING & STATIONARY,1082.0
STAFF/EMO/PAYROLL,1881370.0
HK/GARDENING/PEST CONTROL/CONSUMABLES,120492.0
TECHNICAL/ELECTRICAL/R&M/SPARE/CAPEX,14755.0
MISC/CONVEYANCE,6800.0
HK/GARBAGE/AMC,203400.0
TECHNICAL/CAM/PLUMBING/CONSUMABLES,12541.0